{"stats":{"minecraft:dropped":{"minecraft:enchanted_book":1,"minecraft:iron_ingot":392,"minecraft:birch_planks":76,"minecraft:dark_oak_stairs":6,"minecraft:wheat_seeds":36,"minecraft:dark_oak_slab":1,"minecraft:jungle_fence":1,"minecraft:iron_helmet":1,"minecraft:feather":3,"minecraft:cobblestone":12482,"minecraft:prismarine_crystals":5,"minecraft:book":26,"minecraft:leather":3,"minecraft:granite":171,"minecraft:jungle_planks":2,"minecraft:coal":102,"minecraft:flint":8,"minecraft:stick":182,"minecraft:oxeye_daisy":1,"minecraft:dirt":3806,"minecraft:jungle_slab":9,"minecraft:sponge":2,"minecraft:torch":273,"minecraft:mutton":4,"minecraft:dark_oak_trapdoor":5,"minecraft:wooden_axe":2,"minecraft:cooked_salmon":9,"minecraft:iron_leggings":2,"minecraft:bone_meal":1,"minecraft:sand":152,"minecraft:dark_oak_planks":7,"minecraft:birch_log":148,"minecraft:white_wool":4,"minecraft:spruce_sapling":446,"minecraft:redstone":12,"minecraft:bone":2,"minecraft:gravel":102,"minecraft:stone_axe":6,"minecraft:raw_copper":28,"minecraft:wheat":2,"minecraft:raw_iron":873,"minecraft:stone_shovel":3,"minecraft:birch_sapling":72,"minecraft:rotten_flesh":3,"minecraft:light_gray_wool":3,"minecraft:iron_boots":1,"minecraft:oak_planks":1,"minecraft:stone_slab":2,"minecraft:stone_stairs":4,"minecraft:pumpkin_seeds":2,"minecraft:poppy":1,"minecraft:bundle":1,"minecraft:spruce_trapdoor":11,"minecraft:spruce_planks":2060,"minecraft:iron_chestplate":1,"minecraft:andesite":23,"minecraft:chest":4,"minecraft:spider_eye":1,"minecraft:spruce_log":900,"minecraft:sandstone":82,"minecraft:bow":4,"minecraft:stone_pickaxe":21,"minecraft:magma_block":5,"minecraft:netherrack":42,"minecraft:black_wool":2},"minecraft:mined":{"minecraft:dark_oak_planks":7,"minecraft:crying_obsidian":1,"minecraft:spruce_planks":31,"minecraft:dark_oak_leaves":5,"minecraft:jungle_slab":11,"minecraft:dark_oak_log":23,"minecraft:sea_lantern":3,"minecraft:spruce_trapdoor":18,"minecraft:granite":142,"minecraft:grass_block":2108,"minecraft:jungle_planks":9,"minecraft:spruce_leaves":11616,"minecraft:sandstone":47,"minecraft:magma_block":9,"minecraft:spruce_sapling":2,"minecraft:dark_oak_trapdoor":5,"minecraft:iron_ore":38,"minecraft:andesite":51,"minecraft:dark_oak_stairs":6,"minecraft:bookshelf":4,"minecraft:stone":11103,"minecraft:crafting_table":4,"minecraft:torch":32,"minecraft:short_grass":4,"minecraft:poppy":1,"minecraft:chest":4,"minecraft:stone_slab":4,"minecraft:copper_ore":15,"minecraft:oak_planks":1,"minecraft:diorite":29,"minecraft:wall_torch":31,"minecraft:blue_bed":1,"minecraft:seagrass":1,"minecraft:stone_stairs":7,"minecraft:dark_oak_slab":1,"minecraft:birch_log":201,"minecraft:sweet_berry_bush":25,"minecraft:wheat":16,"minecraft:spruce_log":1523,"minecraft:birch_leaves":1954,"minecraft:jungle_fence":1,"minecraft:coal_ore":213,"minecraft:gravel":103,"minecraft:sand":39,"minecraft:dirt":5769,"minecraft:netherrack":94,"minecraft:oak_leaves":48,"minecraft:fern":4},"minecraft:broken":{"minecraft:wooden_pickaxe":2,"minecraft:stone_pickaxe":7,"minecraft:wooden_axe":2,"minecraft:stone_shovel":1},"minecraft:custom":{"minecraft:mob_kills":23,"minecraft:interact_with_crafting_table":31,"minecraft:leave_game":4,"minecraft:time_since_death":32711,"minecraft:climb_one_cm":2768,"minecraft:sprint_one_cm":473428,"minecraft:walk_one_cm":791990,"minecraft:drop":519,"minecraft:talked_to_villager":3,"minecraft:play_time":347268,"minecraft:deaths":3,"minecraft:sneak_time":28977,"minecraft:walk_under_water_one_cm":61220,"minecraft:jump":2588,"minecraft:walk_on_water_one_cm":27624,"minecraft:total_world_time":347268,"minecraft:interact_with_furnace":49,"minecraft:tune_noteblock":6,"minecraft:sleep_in_bed":23,"minecraft:time_since_rest":32278,"minecraft:damage_taken":2063,"minecraft:damage_dealt":1719,"minecraft:swim_one_cm":85783,"minecraft:fly_one_cm":474202,"minecraft:open_chest":212,"minecraft:crouch_one_cm":105553,"tombstone:undead_killed":3,"minecraft:fall_one_cm":56120},"minecraft:crafted":{"minecraft:stone_shovel":4,"minecraft:cooked_chicken":1,"minecraft:furnace":4,"minecraft:cooked_mutton":2,"minecraft:iron_boots":1,"minecraft:stone_pickaxe":25,"minecraft:chest":18,"minecraft:dark_oak_planks":56,"minecraft:stone_hoe":1,"minecraft:crafting_table":1,"minecraft:spruce_planks":2000,"minecraft:wooden_pickaxe":2,"minecraft:baked_potato":8,"minecraft:iron_helmet":1,"minecraft:cooked_salmon":11,"minecraft:birch_planks":96,"minecraft:stone_axe":5,"minecraft:bread":4,"minecraft:air":0,"minecraft:iron_chestplate":1,"minecraft:stick":40,"minecraft:iron_ingot":13,"minecraft:wooden_axe":4,"minecraft:iron_leggings":1,"minecraft:torch":216},"minecraft:picked_up":{"minecraft:wooden_axe":4,"minecraft:iron_chestplate":1,"minecraft:crafting_table":4,"minecraft:wheat":18,"minecraft:chicken":1,"minecraft:stone_slab":2,"minecraft:enchanted_book":1,"minecraft:cooked_salmon":12,"minecraft:dark_oak_trapdoor":5,"minecraft:stone_stairs":4,"minecraft:raw_copper":28,"minecraft:iron_leggings":3,"minecraft:spruce_planks":2644,"minecraft:beef":2,"minecraft:poppy":1,"minecraft:light_gray_wool":5,"minecraft:chest":10,"minecraft:birch_sapling":196,"minecraft:spruce_trapdoor":11,"minecraft:iron_boots":1,"minecraft:furnace":1,"minecraft:stick":513,"minecraft:raw_iron":970,"minecraft:sandstone":88,"minecraft:torch":497,"minecraft:diorite":18,"minecraft:redstone":18,"minecraft:prismarine_crystals":5,"minecraft:dark_oak_planks":21,"minecraft:stone_shovel":4,"minecraft:rotten_flesh":3,"minecraft:mutton":6,"minecraft:white_wool":8,"minecraft:cobblestone":24137,"minecraft:oxeye_daisy":1,"minecraft:sponge":3,"minecraft:birch_log":367,"minecraft:magma_block":5,"minecraft:feather":4,"minecraft:salmon":11,"minecraft:andesite":55,"minecraft:leather":7,"minecraft:jungle_fence":1,"minecraft:birch_planks":147,"minecraft:flint":21,"minecraft:dirt":10781,"minecraft:blue_bed":1,"minecraft:bone":2,"minecraft:bow":6,"minecraft:wheat_seeds":55,"minecraft:iron_ingot":570,"minecraft:stone_pickaxe":36,"minecraft:stone_hoe":1,"minecraft:oak_planks":1,"minecraft:dark_oak_stairs":6,"minecraft:book":39,"minecraft:dark_oak_slab":3,"minecraft:sweet_berries":55,"minecraft:gravel":299,"minecraft:sand":152,"minecraft:jungle_planks":20,"minecraft:spruce_sapling":401,"minecraft:spruce_log":2526,"minecraft:jungle_slab":11,"minecraft:dark_oak_log":14,"minecraft:spider_eye":2,"minecraft:bundle":2,"minecraft:pumpkin_seeds":2,"minecraft:stone_axe":9,"minecraft:iron_helmet":1,"minecraft:granite":280,"minecraft:bone_meal":2,"minecraft:emerald":4,"minecraft:black_wool":4,"minecraft:netherrack":42,"minecraft:coal":373},"minecraft:killed":{"minecraft:spider":1,"minecraft:skeleton":1,"minecraft:chicken":1,"minecraft:salmon":13,"minecraft:sheep":4,"minecraft:zombie":2,"minecraft:cow":1},"minecraft:used":{"minecraft:stone_shovel":263,"minecraft:spruce_planks":901,"minecraft:chest":24,"minecraft:stone":1,"minecraft:cooked_salmon":8,"minecraft:cooked_chicken":1,"minecraft:torch":273,"minecraft:dirt":4039,"minecraft:jungle_slab":2,"minecraft:granite":1,"minecraft:wooden_axe":127,"minecraft:beef":2,"minecraft:sweet_berries":61,"minecraft:furnace":4,"tombstone:gift":2,"minecraft:iron_leggings":1,"minecraft:wheat_seeds":15,"minecraft:cooked_mutton":2,"minecraft:stone_pickaxe":1040,"minecraft:baked_potato":8,"minecraft:wooden_pickaxe":118,"minecraft:sandstone":6,"minecraft:blue_bed":1,"minecraft:crafting_table":4,"minecraft:bread":9,"minecraft:spruce_sapling":15,"minecraft:stone_axe":29,"minecraft:cobblestone":1,"minecraft:andesite":32}},"DataVersion":3700}